"namibia","suspends","","russian","covid","vaccine","","","","flags","","concerns","","","","",""
"vaxed","moderna","booster","shot","","","","","","","","","","","","",""
"wimp","plan","ride","indoor","cycle","","hours","least","","football","instead","","","","","",""
"paracetamol","death","rate","vaccines","taken","shelf","","pfizer","","","","","","","","",""
"kinggorilla","","thecoastguy","course","vaccine","trains","body","recognize","artificia","","","","","","","",""
"moderna","booster","achieved","","","","","","","","","","","","","",""
"ahails","poss","mrna","vaccines","reputedly","apparently","failed","approved","","received","emergency","","","","","",""
"middletown","family","pharmacy","stock","moderna","pfizer","","","","vaccines","booster","doses","schedule","","","",""
"seem","receiving","booster","vaccine","given","either","pfizer","moderna","part","reluctance","","","","","","",""
"","","","moderna","number","individual","cases","time","","","","","","","","",""
"hello","everyone","","","","watching","","","ariant","delta","variant","","","","","cafefully",""
"","","","","","","","","","","","","","","","",""
"","pmoindia","amitshah","","","cpho_canada","canborder","usatoday","","","","","","","","",""
"","","","available","","","thinking","scheduling","week","want","know","half","dose","","","",""
"","still","long","wait","covaxin","saving","people","want","covaxin","mikalche","","","","","","",""
"actress","suffers","stroke","blood","clot","side","effect","covid","","","","","","mailonline","","",""
"","","","","","","","","","","","","","","","",""
"","","living","south","africa","bring","sputnikv","women","namibia","","","","","","","",""
"","","","confused","confusion","vaccines","stupid","","","","","","","seems","","","vaccinate"
"","","","aeriuevldu","","","","","","","","","","","","",""
"ocgn","covaxin","","webull","","nurses","kabc","","losangeles","","","","","","","",""
"sputnikv","wasn","","","able","provide","enough","safety","data","","","said","","joinin","","",""
"","","","","","","","","","","","","","","","",""
"finally","getting","moderna","booster","shots","tomorrow","","","","","","","","","","",""
"","","","","","","","","","","","","","","","",""
"side","effects","moderna","booster","","last","night","","fever","tired","","","","ever","regrets","moderna","booster"
"","included","getting","moderna","booster","shot","morning","giantfood","village","vaccination","","","","","","",""
"ocgn","covaxin","","webull","","nurses","kabc","","losangeles","","","","","","","",""
"just","","covid","booster","shot","three","tracking","devices","better","none","moderna","","","","","",""
"approve","covaxin","","","","","","","","","","","","","","",""
"great","","","ella","bharat","seems","think","action","covaxin","week","waiting","","","","","",""
"america","","","frontline","","agree","murdered","infants","heart","vaccine","research","","","","babies","delivered","alive"
"","","","ppmkggebdg","","","","","","","","","","","","",""
"scbriand","vaccins","selling","public","vaccins","delaying","covaxin","vaccin","","","","","","","","",""
"supports","young","scientists","capetown","replicating","moderna","","","covid","","shot","","vaccine","inequity","","",""
"period","february","","","","august","","","protection","infection","decline","","janssen","","","",""
"","","","","","","","","","","","","","","","",""
"","pfizer","","moderna","find","unethical","disclose","received","placebo","","","","","","","",""
"scbriand","","clowns","approve","covaxin","","","","","","","","","","","",""
"covidcases","control","","lithuania","pfizer","astrazeneca","moderna","","","","","","","","","",""
"","","","moderna","booster","yesterday","","","","","","","","","","",""
"","","boostered","yippee","yesterday","cvspharmacy","moderna","boosters","","","dose","available","eligibl","","","",""
"vaers","data","","mrna","vaccination","pfizer","moderna","johnson","","","","","","","","",""
"","drtedros","state_io","","dream","brother","come","questions","guarantee","","","","","","","",""
"drtedros","","covaxin","make","available","world","","","","","","","","","","",""
"drtedros","","","terms","like","cutting","corners","world","class","product","covaxin","mill","","","","",""
"scbriand","people","spoken","","covaxin","approval","ocugen","","","","","","","","","",""
"india","continues","steadily","ramp","covishield","","covaxin","production","past","","achieve","","","","","",""
"moderna","","","","","","","","","disappeared","","","","","","",""
"drtedros","","please","release","covaxin","","","","","","","","","","","",""
"drtedros","","","covaxin","stop","","pharmas","lobby","","","","","","","","",""
"drtedros","","stop","cutting","corners","others","approve","covaxin","","","","","","","","",""
"drtedros","","partiality","covaxin","whole","world","needs","choice","mrna","vaccines","approve","covaxin","","","","",""
"","pmoindia","","respects","allowed","travel","covaxin","","","","","","","","","",""
"","","give","","","covaxin","","pull","hold","","","","","","","",""
"drtedros","","approve","covaxin","","","","","","","","","","","","",""
"","urgent","approval","vaccine","sputnikv","play","","need","approved","","","","","","","",""
"multiple","provinces","china","report","surge","","cases","expert","","sinovac","failed","officials","deny","","","",""
"pregnant","stage","considering","getting","pregnant","","vaccinated","","please","please","","","","","","",""
"","","plans","monitored","study","discussed","applenews","execs","","bull","market","","","","","",""
"moderna","good","healthcare","stock","","","","","","","good","healthcare","moderna","stock","","",""
"social","media","platforms","realize","censorship","always","backfires","pfizer","moderna","booster","","","","","","",""
"able","","corners","sinovac","cant","","corners","","best","vaccine","market","","","","","",""
"","someone","finally","asking","","looking","forward","cdcgov","","cdcdirector","produce","vaers","report","","","",""
"pregnant","stage","considering","getting","pregnant","","vaccinated","please","please","","","","","","","",""
"indiablooms","must","case","","sputnikv","","","","","","","","","","","",""
"","side","effects","moderna","booster","yesterday","","soreness","feels","","foggy","appe","","","","",""
"breeadail","atensnut","thisweekabc","fauci","flip","flopper","much","invested","vaccines","public","unawa","","","","","",""
"","","","","give","","covaxin","","","","approve","chinese","sinopharm","vaccine","","",""
"","","","","","","","","","","","","","","","",""
"fascinating","story","gregory","zuckerman","determined","business","execs","scientists","working","together","grateful","","","","","",""
"actually","","surprised","south","african","","","","","regulatory","decision","sputnikv","","","","",""
"","asn't","spillover","interested","","","","","","","","","","","","",""
"","impending","forced","mass","vaccination","children","pfizer","moderna","mrna","products","remember","","","","","",""
"just","","moderna","booster","","","","","","","","","","","","",""
"worldwide","weeks","instead","fighting","","taking","","hashtags","","insulting","people","stand","","","","",""
"","taxpayers","largely","funded","moderna","","","covid","","vaccine","biden","","","leaning","company","",""
"","","","","","","","","","","","","","","","",""
"","","","covaxin","approved","","travel","","","","","","","","","",""
"","","","africa","","says","young","scientist","vaccine","","coordinated","world","health","","","",""
"","ladies","experienced","anything","similar","moderna","vaccine","experience","","","","","","","","",""
"","","","worldseries","","ratings","strike","","","moderna","","","","boosters","","available",""
"vaccines","kids","coming","week","","","","","","","","","","","","",""
"","liverpool","least","","condom","sputnikv","","","","","","","","","","",""
"phenomenal","covaxin","","","","","","","","","","","","","","",""
"","drug","commercials","warn","patients","check","","getting","vaccinated","","","","","","","",""
"atrupar","many","people","died","taking","polio","vaccination","fact","","","changed","elect","","","","",""
"excellent","news","","","vaccine","everyone","covaxin","","","","","","","","","",""
"china","expects","","covid","outbreak","worsen","coming","days","","","yhhlqyhcrk","travel","business","","","",""
"","","","","","","","","","","","","","","","",""
"drtedros","","","drtedros","","","wondering","next","excuse","extend","","","","","","",""
"drtedros","","covaxin","","days","drtedros","","","","","","","","","","",""
"thank","costco","providing","toilet","paper","rotisserie","chicken","need","also","","","","","","","",""
"moderna","without","","even","vaccine","best","fucking","shit","show","","","","","","","",""
"ocgn","ready","approval","covaxin","","","","","","","","","","","","",""
"","drtedros","","","wondering","next","excuse","extend","covaxin","approval","pretty","sure","","","","",""
"","drtedros","","","wondering","next","excuse","extend","covaxin","approval","pretty","sure","","","","",""
"wife","just","","moderna","booster","walmart","simple","process","news","wife","","","back","surg","","",""
"","","","","","","","","","","","","","","","",""
"everyone","needs","watch","","","","seen","clips","never","entire","thing","neurology","real","truth","","",""
"","","","","","","","","","","","","","","","",""
"","","getting","booster","today","moderna","shot","originally","","jandj","","","","","","",""
"popular","javascript","library","","parser","","hacked","","crypto","mining","devices","","","","","",""
"ttavspgysx","","","","","","","","","","","","","","","",""
"even","legal","moderna","advertising","vaccine","keep","getting","microsoft","games","","","","","","","",""
"ocgn","dcgi","","approval","belt","covaxin","gets","approved","hopefully","week","scheduled","","","","","",""
"amid","concerns","sputnikv","vaccine","allegedly","causing","","","namibia","also","decided","suspend","","","","",""
"izfeiecxut","","","","","","","","","","","","","","","",""
"fwiw","","moderna","booster","shot","yesterday","felt","tired","achy","since","essentially","side","","","","",""
"boosted","moderna","","","","","","","","","","","","","","",""
"","","","","mouthpiece","rferl","","","long","leave","free","belarus","","","","faucilied",""
"astrazeneca","moderna","","","","","","","","","","","","","","",""
"data","showed","antibodies","elicited","","vaccines","incl","used","shots","sinovac","","sinopharm","decline","","","",""
"popular","javascript","library","","parser","","hacked","","crypto","mining","devices","link","","","","",""
"","","","","","","","","","","","","","","","",""
"","fauci","encouraging","","citizens","","booster","matches","original","vaccine","","disag","","","","",""
"next","vaccine","vision","","vishwas","brains","behind","india","","","covaxin","frankly","speaking","navika","kumar","bhar",""
"","","","","","","","","","","","","","","","",""
"","whowpro","","","","killing","people","approving","covaxin","sister","allergic","current","mrna","","","",""
"","","","","","","","","","","","","","","","",""
"vaccine","vision","","vishwas","brains","behind","india","","","covaxin","frankly","speaking","navika","kumar","bharat","biotech",""
"","","","","","","","","","","","","","","","",""
"","covaxin","","","","","","","","","","","","","","",""
"south","africa","namibia","also","suspends","","russia's","sputnik","","vaccine","indiablooms","first","portal","digital","","",""
"","","","","","","","","","","","","","","","",""
"","bbmp","bengaluru","","","","","","","free","slots","","paid","slots","covishield","",""
"","","","","","","","","","","","","","","","",""
"sorry","disappoint","sputnikv","didn","","","pass","","","","safety","test","","says","wasn","",""
"enough","data","quell","","","","","ggmsrljrtp","","","","","","","","",""
"","","covid","","approval","covaxin","ocugen","","","","","","","","","",""
"likely","something","want","kids","bloodstream","likely","safest","vaccine","kids","covaxin","","","","","","",""
"","prostate","cancer","beat","came","back","spine","controlled","chemo","pills","","","","","","",""
"vaccine","vision","","vishwas","brains","behind","india","","","covaxin","frankly","speaking","navika","kumar","bharat","biotech",""
"","","","","","","","","","","","","","","","",""
"","hours","post","covid","booster","initial","","doses","moderna","booster","pfizer","side","effects","","","",""
"canada","suspended","","moderna","moderna","still","given","young","people","","","","","","","",""
"drtedros","","approval","sputnikv","hypocrisy","steroids","","","","","","","","","","",""
"best","","","","couple","billion","","","seless","eaters","","asking","friend","","pfizer","moderna",""
"","","","","","","","","","","","","","","","",""
"study","","update","us_fda","takes","additional","actions","","booster","dose","covid","","vaccines","","","",""
"reading","","article","ugur","sahin","stephane","bancel","","","triumph","","","also","reading","francis","marion",""
"","","","","","","","","","","","","","","","",""
"","bbmp","bengaluru","","","","","","","free","slots","","paid","slots","covishield","",""
"","","","","","","","","","","","","","","","",""
"superbowl","champion","","wife","suffered","life","altering","","dose","moderna","","","","","","",""
"parkstorm","cspanwj","invest","pandemic","conflict","interest","moderna","medicalrape","","","","","","","","",""
"work","together","turn","nation","","","vaccinated","country","pmoindia","mkstalin","ngo_smart","","","","","",""
"vaccine","vision","","vishwas","brains","behind","india","","","covaxin","frankly","speaking","navika","kumar","bharat","biotech",""
"","","","","","","","","","","","","","","","",""
"eyes","world","fixed","upon","","people","manipulate","covaxin","approval","","","","","","","",""
"censored","injured","covid","","vaccine","child","sharyl","attkisson","family","others","lives","ruined","even","","","",""
"","","","","","","","","","","","","","","","",""
"nstworld","namibia","","","russia's","sputnikv","","vaccine","following","concerns","raised","","","","","",""
"","","bbmp","bengaluru","","","","","","","free","slots","covishield","","","",""
"","","","","","","","","","","","","","","","",""
"","mrna","candidates","future","times","assessed","","companies","strong","candidates","make","mrna","vaccines","","","",""
"","","","","","","","","","","","","","","","",""
"ocgn","better","make","sure","","front","","seats","approves","covaxin","next","week","","","","",""
"","bullish","","","","","","","","","","","","","","",""
"covid","sinovac","vaccine","boosters","","available","eligible","pfizer","moderna","","","","shots","","","",""
"ndtv","______","allowed","travel","","payers","money","take","covaxin","approved","","","","","","",""
"sinovac","singapore","","khairykj","pfizer","","","","","","","","","","","",""
"","already","","mine","moderna","","","","","","","","","","","",""
"","","","world","series","begins","tuesday","atlanta","","","moderna","","","","boosters","","available"
"","vaccines","kids","coming","","","","","","","","","","","","",""
"timesnow","","drmikeryan","please","check","video","","chairman","dont","delay","","","watching","","","",""
"vaccine","vision","","vishwas","brains","behind","india","","","covaxin","frankly","speaking","navika","kumar","bharat","biotech",""
"","","","","","","","","","","","","","","","",""
"namibia","taken","delivery","serbian","donation","","","sputnik","doses","less","","","","","","",""
"eligible","","booster","received","full","dose","pfizer","moderna","","","","","","","","",""
"","bbmp","bengaluru","","","","","","","free","slots","","paid","slots","covishield","",""
"","","","","","","","","","","","","","","","",""
"look","","million","doses","sinovac","vaccine","arrival","naia","terminal","","sunday","october","","","","photos",""
"","","","","","","","","","","","","","","","",""
"namibia","southafrica","citizens","","countries","male","waiting","sputnikv","russia","","","","","","","",""
"","","drtedros","","quick","give","approval","sinovac","giving","much","","","","","","",""
"us_fda","ocugen","please","kindly","","know","latest","","approval","status","covaxin","","thanks","ocgn","","",""
"curse","stephenking","salem's","","filming","town","almost","made","late","booster","shot","made","thou","","","",""
"prof","david","","said","hongkong","lacks","ability","","exist","coronavirus","city's","overall","vaccination","rate","","",""
"wluzcxnwus","","","","","","","","","","","","","","","",""
"watch","chinese","ambassador","","huang","xilian","vaccine","czar","","carlito","galvez","","welcome","arrival","","mill",""
"","","","","","","","","","","","","","","","",""
"","","bbmp","bengaluru","","","","","","","free","slots","covishield","","","",""
"","","","","","","","","","","","","","","","",""
"","","urban","bengaluru","","","","","","","free","slots","","paid","slots","covishield","dose"
"","","","","","","","","","","","","","","","",""
"","","rural","bengaluru","","","","","","","free","slots","covishield","","","",""
"","","","","","","","","","","","","","","","",""
"","","","world","series","begins","tuesday","atlanta","","","moderna","","","","boosters","","available"
"","vaccines","kids","coming","","","","","","","","","","","","",""
"","boosted","yesterday","moderna","","","ihuwnbjufm","","","","","","","","","",""
"sweden","suspends","moderna","shot","","vaxxed","patients","develop","crippling","heart","condition","","","","","",""
"cbcnews","","ocugen","covaxin","","want","","","","","","","","","","",""
"","","","billion","jabs","","","","","","people","","income","countries","received","least",""
"","","","","","","","","","","","","","","","",""
"vaccine","vision","","vishwas","brains","behind","india","","","covaxin","frankly","speaking","navika","kumar","bharat","biotech",""
"","","","","","","","","","","","","","","","",""
"covaxin","","","approval","","october","covaxin","","","","","","","","","",""
"","bbmp","bengaluru","","","","","","","free","slots","","paid","slots","covishield","",""
"","","","","","","","","","","","","","","","",""
"team","scientists","southafrica","assembling","equipment","needed","reverse","engineer","moderna's","coronavirus","","","","","","",""
"","delayed","covaxin","approval","care","pfizer's","business","pfizer","influencing","polit","","","","","","",""
"","hardly","anyone","","free","vaccine","also","covaxin","","recognised","","","","","","",""
"","postpones","approval","russian","sputnikv","vaccine","next","year","","","","","","","","",""
"","","bbmp","bengaluru","","","","","","","free","slots","covishield","","","",""
"","","","","","","","","","","","","","","","",""
"","","urban","bengaluru","","","","","","","free","slots","","paid","slots","covishield","dose"
"","","","","","","","","","","","","","","","",""
"","","rural","bengaluru","","","","","","","free","slots","covishield","","","",""
"","","","","","","","","","","","","","","","",""
"","going","incentivise","allow","import","traditional","covid","vaccines","like","covaxin","","","","","","",""
"drtedros","","covaxin","","approved","","drmikeryan","decision","approve","chinese","sinop","","","","","",""
"date","vaccinated","sputnikv","people","","","","","","","","","","","","",""
"mannkibaat","pmmodi","urges","","","","","","pledge","using","plastic","","","local","","","handicrafts"
"products","strengthen","","","","","","","","","","","","","","",""
"vaccine","vision","","vishwas","brains","behind","india","","","covaxin","frankly","speaking","navika","kumar","bharat","biotech",""
"","","","","","","","","","","","","","","","",""
"india","approves","covaxin","","kids","","","","world","first","","","","","","",""
"","bbmp","bengaluru","","","","","","","free","slots","","paid","slots","covishield","",""
"","","","","","","","","","","","","","","","",""
"zubymusic","nuff","said","pfizer","","moderna","reuters","wuhan","fauci","coronavirus","","","","","","",""
"mannkibaat","today","nation","celebrating","","indian","women","played","","role","","","","","","",""
"mannkibaat","","november","nation","celebrating","birth","anniversary","birsamunda","inspired","","","","","","","",""
"mannkibaat","ekta","","forward","","","nation's","progress","","said","","learn","","","","",""
"number","covid","","cases","today","","october","","remember","observe","safety","protective","measures","","","",""
"","","","","","","","","","","","","","","","",""
"timesnow","","jhasanjay","","","","still","drtedros","chief","","","","","","","",""
"mannkibaat","","modi","interacted","poonam","nautiyal","uttarakhand","saluted","zeal","encouraging","peopl","","","","","",""
"","cause","","trying","outdo","koran","promises","vaccinated","eternal","life","","instead","","","","",""
"drtedros","state_io","still","drtedros","chief","recommended","covaxin","though","success","rate","","","","","zrvzlucuhg","",""
"mannkibaat","addressing","","edition","","","modi","said","country","moving","ahead","","enthusiasm","","","","zsnejwkakj"
"","","still","drtedros","chief","recommended","covaxin","though","success","rate","","","","","","",""
"a_tishi","whoindia","","","pmoindia","mohfw_india","","","still","","","","","","","",""
"","still","drtedros","chief","recommended","covaxin","though","success","rate","","","","","","","",""
"shubhamffg","pmoindia","covaxinin","astrazeneca","","","incindia","unicef","still","","","","","","","",""
"a_tishi","drtedros","","officeof_mm","","pmoindia","rachesella","still","drtedros","","","","","","","",""
"drtedros","still","drtedros","chief","recommended","covaxin","though","success","rate","","","","","","","",""
"drtedros","","still","drtedros","chief","recommended","covaxin","though","success","rate","","","","","","",""
"still","drtedros","chief","recommended","covaxin","though","success","rate","","even","","","","","","",""
"still","drtedros","chief","recommended","covaxin","though","success","rate","","even","","","","","","",""
"drmikeryan","still","drtedros","chief","recommended","covaxin","though","success","rate","","","","","","","",""
"","","bbmp","bengaluru","","","","","","","free","slots","covishield","","","",""
"","","","","","","","","","","","","","","","",""
"","","urban","bengaluru","","","","","","","free","slots","","paid","slots","covishield","dose"
"","","","","","","","","","","","","","","","",""
"","","rural","bengaluru","","","","","","","free","slots","covishield","","","",""
"","","","","","","","","","","","","","","","",""
"sweden","denmark","suspend","","moderna","covid","vaccine","younger","","groups","","","","","","",""
"seems","covaxin","passes","antibodies","covid","newborn","child","friend's","","","","baby","","","levels","",""
"","","","","","","","","","","","","","","","",""
"morocco","received","material","local","production","sinopharm","vaccine","","","","","","","","","",""
"vaccine","vision","","vishwas","brains","behind","india","","","covaxin","frankly","speaking","navika","kumar","bharat","biotech",""
"","","","","","","","","","","","","","","","",""
"know","boyfriend","girlfriend","","sputnikv","dont","come","bore","","must","feel","","just","","","",""
"","bbmp","bengaluru","","","","","","","free","slots","","paid","slots","covishield","",""
"","","","lcebkxpcum","","","","","","","","","","","","",""
"","concerns","raised","side","effects","","coronavirus","sweden","suspends","","","","","","","",""
"diarmidcl","london","rest","","awaiting","covaxin","vaccin","approval","long","overdue","organisat","","","","","",""
"","","bbmp","bengaluru","","","","","","","free","slots","covishield","","","",""
"","","geweudaouh","","","","","","","","","","","","","",""
"","","urban","bengaluru","","","","","","","free","slots","","paid","slots","covishield","dose"
"","","","","","","","","","","","","","","","",""
"","","rural","bengaluru","","","","","","","free","slots","covishield","","","",""
"","","","","","","","","","","","","","","","",""
"sweden","extends","pause","moderna's","covid","","vaccine","young","people","","","","","mailonline","","",""
"results","previous","","vaccine","trials","sputnikv","vaccine","","","","","","","","","",""
"sweden","extends","pause","moderna","vaccine","younger","","group","","","","","","","","",""
"need","","","approval","covaxin","ocgn","asap","","","","","","","","","",""
"paid","covaxin","shots","","","","know","","lakhs","free","vaccine","shots","","","","",""
"lockdowns","around","corner","aside","obvious","implication","sinovac","sucks","made","china","","","","","","",""
"","probably","","time","","moderna","stick","probably","gonna","","","corre","","","","",""
"","bbmp","bengaluru","","","","","","","free","slots","","paid","slots","covishield","",""
"","","","","","","","","","","","","","","","",""
"needs","wake","","head","trough","call","upon","glorious","","really","think","","","","","",""
"","","indiadst","dbtindia","","","stop","mouthing","platitudes","undermi","","","","","","",""
"vaccine","vision","","vishwas","brains","behind","india","","","covaxin","frankly","speaking","navika","kumar","bharat","biotech",""
"","","","","","","","","","","","","","","","",""
"genocide","","finally","admited","funding","","research","wuhan","","","","","","","","",""
"","","bbmp","bengaluru","","","","","","","free","slots","covishield","","","",""
"","","","","","","","","","","","","","","","",""
"","","urban","bengaluru","","","","","","","free","slots","","paid","slots","covishield","dose"
"","","","","","","","","","","","","","","","",""
"","","rural","bengaluru","","","","","","","free","slots","covishield","","","",""
"","","","","","","","","","","","","","","","",""
"","","","","","","","","singapore","bring","recently","pandemic","special","access","route","psar","authorized"
"sinovac","coronavac","vaccine","","","","","","","","","","","","","",""
"","bbmp","bengaluru","","","","","","","free","slots","","paid","slots","covishield","",""
"","","","","","","","","","","","","","","","",""
"ocgn","covaxin","approval","expected","week","","","last","week","month","","meeting","october","","technical","",""
"","","","","","","","","","","","","","","","",""
"need","combination","covaxin","covishield","pfizer","moderna","sputnikv","injected","directly","","","","","","","",""
"ocgn","around","","","","mentions","","children","phase","","trials","conducted","baltimore","","covaxin","",""
"","","","","","","","","","","","","","","","",""
"great","results","know","kind","vaccine","used","polio","inactivated","virion","vaccine","just","","","","","",""
"","bigpharma","","","think","authorising","covaxin","","","","","","","","","",""
"sweden","suspends","moderna","shot","","vaxxed","patients","develop","crippling","heart","condition","","","","","",""
"timesnow","covaxin","debacle","intentional","","political","conspiracy","india","germany","openly","","","","","","",""
"delay","covaxin","works","needs","approved","asap","mandates","appear","vaccinating","children","","","","","","",""
"selling","","","facemasks","vaccines","sputnikv","syringes","contact","sales","","","gwmroplaro","","","","","mirhhohkex"
"","","bbmp","bengaluru","","","","","","","free","slots","covishield","","","",""
"","","","","","","","","","","","","","","","",""
"","","urban","bengaluru","","","","","","","free","slots","","paid","slots","covishield","dose"
"","","","","","","","","","","","","","","","",""
"","","rural","bengaluru","","","","","","","free","slots","covishield","","","",""
"","","","","","","","","","","","","","","","",""
"subject","expert","committee","recommends","emergency","","","","covaxin","kids","","","","","","",""
"","moderna","booster","yesterday","","happy","feeling","like","crap","tonight","","","","","","",""
"","bbmp","bengaluru","","","","","","","free","slots","","paid","slots","covishield","",""
"","","","","","","","","","","","","","","","",""
"update","moderna","booster","","hours","post","shot","","","feeling","terrible","just","ordered","instacart","delivered","",""
"","","","","","","","","","","","","","","","",""
"amid","concerns","sputnikv","vaccine","causing","","","namibia","","decided","suspend","","russian","vacc","","",""
"","","","","","","","","","","","","","","","",""
"vaccine","vision","","vishwas","brains","behind","india","","","covaxin","frankly","speaking","navika","kumar","bharat","biotech",""
"","","","","","","","","","","","","","","","",""
"","","thinkerks","","gujarati","channel","published","sputnikv","vaccine","","cause","","","","","",""
"paid","doses","","covaxin","mannkibaat","","","","","","","","","","","",""
"fawadkhan","believe","covaxin","developed","imrankhan","","","","","","","","","","","",""
"","plandemic","","fauci","","vaccine","","","pandamic","","","pfizer","","","","",""
"","","bbmp","bengaluru","","","","","","","free","slots","covishield","","","",""
"","","","","","","","","","","","","","","","",""
"","","urban","bengaluru","","","","","","","free","slots","","paid","slots","covishield","dose"
"","","","","","","","","","","","","","","","",""
"","","rural","bengaluru","","","","","","","free","slots","covishield","","","",""
"","","","","","","","","","","","","","","","",""
"","","early","birthday","gift","first","dose","coronavac","times","pandemic","good","vaccine","vaccine","","","",""
"","vaccines","work","like","doctors","media","claim","cases","covid","increased","around","","","","","",""
"effective","covid","","vaccine","novel","coronavirus","causes","","","","","","","","","",""
"","bbmp","bengaluru","","","","","","","free","slots","","paid","slots","covishield","",""
"","","","","","","","","","","","","","","","",""
"sweden","suspends","moderna","shot","","vaxxed","patients","develop","crippling","heart","condition","","","","","",""
"shameful","","tgagovau","treating","","aussie","company","develops","safe","effective","vaccine","","","","","",""
"wrap","thread","","","boosted","ended","booking","moderna","booster","cvspharmacy","easy","","study","","","",""
"","","","","","","","","","","","","","","","",""
"","bbmp","bengaluru","","","","","","","free","slots","","paid","slots","covishield","",""
"","","","","","","","","","","","","","","","",""
"saturday","","","","","","mohfw_india","figures","","cases","","","vaccinated","","","",""
"","","","","","","","","","","","","","","","",""
"joebiden","","","","come","chaps","","","","","rest","naysayers","across","","","",""
"","alone","lots","journos","keep","singing","","owned","china","","systems","entirely","different","stop","compariso","",""
"","","","","","","","","","","","","","","","",""
"","","bbmp","bengaluru","","","","","","","free","slots","covishield","","","",""
"","","","","","","","","","","","","","","","",""
"","","urban","bengaluru","","","","","","","free","slots","","paid","slots","covishield","dose"
"","","","","","","","","","","","","","","","",""
"","","rural","bengaluru","","","","","","","free","slots","covishield","","","",""
"","","","","","","","","","","","","","","","",""
"stop","tweeting","approve","covaxin","matter","tweet","comments","gonna","covaxin","approvals","","","","","","",""
"next","vaccine","vision","","vishwas","brains","behind","india","","","covaxin","frankly","speaking","navika","kumar","bhar",""
"","","","","","","","","","","","","","","","",""
"","","covaxin","approved","first","","","","","","","","","","","",""
"ocgn","pmoindia","meet","pope","francis","","informed","","helped","","","","","fighting","","",""
"","","","","","","","","","","","","","","","",""
"","neisvoid","","","","supposed","take","cough","medicine","ssri","think","","","","","",""
"relaxing","watching","","even","though","","","late","sons","","hurting","","moderna","booster","seems","",""
"","","","","","","","","","","","","","","","",""
"think","pressure","","pharma","companies","might","lose","billions","dollars","covaxin","gets","approv","","","","",""
"covaxin","microscopic","part","","landmark","anyone","know","secret","behind","","","","","","","",""
"","bbmp","bengaluru","","","","","","","free","slots","","paid","slots","covishield","",""
"","","","","","","","","","","","","","","","",""
"whowpro","pahowho","whoafro","whosearo","who_europe","whoemro","opsoms","","chatbot","","","idiots","approve","covaxin","","",""
"vaccine","vision","","vishwas","brains","behind","india","","","covaxin","frankly","speaking","navika","kumar","bharat","biotech",""
"","","","","","","","","","","","","","","","",""
"","usual","propaganda","outlets","saying","","booster","shot","","","","","","","like","haven",""
"","","","","","","","","","","","","","","","",""
"mixing","covid","","vaccines","safe","offers","better","immunity","icmr","study","","covishield","covaxin","icmr","","",""
"","","","","","","","","","","","","","","","",""
"","urban","bengaluru","","","","","","","free","slots","","paid","slots","covishield","",""
"","","","","","","","","","","","","","","","",""
"","","bbmp","bengaluru","","","","","","","free","slots","covishield","","","",""
"","","","","","","","","","","","","","","","",""
"","","urban","bengaluru","","","","","","","free","slots","","paid","slots","covishield","dose"
"","","","","","","","","","","","","","","","",""
"","","rural","bengaluru","","","","","","","free","slots","covishield","","","",""
"","","","","","","","","","","","","","","","",""
"","first","","finally","vaccinated","moderna","","","","","","","","","","",""
"getting","boostered","moderna","","","","","","","","","","","","","",""
"","","indiadst","dbtindia","","","solidarity","","definition","inclusive","","","","","","",""
"polio","vaccin","made","bharat","biotech","india","right","","method","producing","vaccin","covaxin","","","","",""
"","bbmp","bengaluru","","","","","","","free","slots","","paid","slots","covishield","",""
"","","","","","","","","","","","","","","","",""
"","urban","bengaluru","","","","","","","free","slots","","paid","slots","covishield","",""
"","","","","","","","","","","","","","","","",""
"","","dose","moderna","today","","hours","later","","side","effects","drank","","beers","instead","","uhhh"
"covaxin","also","covishield","wanted","pfizer","moderna","","batted","","","","","","","","",""
"","admits","moderna's","shot","dangerous","","","","featured","moderna","myocarditis","vaccines","","","","",""
"wave","know","india","best","covishield","covaxin","cong","place","gone","india","grav","","","","wyfvyuulrk","",""
"","","officeof_mm","pmoindia","","","","","","","","","","","","",""
"","","bbmp","bengaluru","","","","","","","free","slots","covishield","","","",""
"","","","","","","","","","","","","","","","",""
"","","urban","bengaluru","","","","","","","free","slots","","paid","slots","covishield","dose"
"","","","","","","","","","","","","","","","",""
"","","rural","bengaluru","","","","","","","free","slots","covishield","","","",""
"","","","xvvqnbtuyr","","","","","","","","","","","","",""
"","ocugen","","respect","","","","","","sure","enough","adult","","","","",""
"","","urban","bengaluru","","","","","","","free","slots","","paid","slots","covishield",""
"dose","","","","","","","","","","","","","","","",""
"","vaxx","eternity","formula","","","","","","","","","","","","","congrats"
"","moderna","","","ukgxabgftc","","","","","","","","","","","",""
"moonfrye","call","punky","booster","","moderna","booster","","","","","","","","","",""
"vaccinated","forcing","","wish","keep","blood","pure","pfizer","moderna","","","","","","","",""
"","","indiadst","dbtindia","","","covaxin","","","ocugen","","","","","","",""
"well","done","numbertwo","","doubledose","","","prouddad","moderna","","","","","","","",""
"number","covid","","cases","today","","october","","remember","observe","safety","protective","measures","","","",""
"","","","","","","","","","","","","","","","",""
"","bbmp","bengaluru","","","","","","","free","slots","","paid","slots","covishield","",""
"","","","","","","","","","","","","","","","",""
"moderna","","small","dose","pain","soreness","effects","many","around","world","","","","","","",""
"though","","scare","people","headline","","","","prob","pandemic","propagators","said","","gang","","",""
"","","","","","","","","","","","","","","","",""
"vaccine","vision","","vishwas","brains","behind","india","","","covaxin","frankly","speaking","navika","kumar","bharat","biotech",""
"","","","","","","","","","","","","","","","",""
"","bbmp","bengaluru","","","","","","","free","slots","","paid","slots","covishield","",""
"","","","","","","","","","","","","","","","",""
"","bbmp","bengaluru","","","","","","","free","slots","","paid","slots","covishield","",""
"","","","","","","","","","","","","","","","",""
"appointment","moderna","vaccine","booster","shot","monday","whole","tweet","moderna","","","","","","","",""
"covaxin","getting","approval","","chief","scientist","","","","","","","","","","",""
"","","bbmp","bengaluru","","","","","","","free","slots","covishield","","","",""
"","","","","","","","","","","","","","","","",""
"","","urban","bengaluru","","","","","","","free","slots","","paid","slots","covishield","dose"
"","","","","","","","","","","","","","","","",""
"","","rural","bengaluru","","","","","","","free","slots","covishield","","","",""
"","","","","","","","","","","","","","","","",""
"already","taken","","dose","considered","fully","vaccinated","","months","mrna","vaccinated","take","sinovac","","","",""
"sinovac","approved","","","years","","unless","medically","ineligible","take","mrna","vaccines","","","","",""
"massive","massive","compromise","singapore","govt","protect","","","","","people","still","unwilling","","","",""
"","","","","","","","","","","","","","","","",""
"squawkcnbc","","hlntv","varneyco","cdcgov","us_fda","nypost","","","ocugen","seems","like","","","","",""
"mrsgandhi","","","given","","","","approved","covaxin","","","","","","","",""
"","moderna","booster","","","","","","","","","","","","","",""
"timesnow","","","amazing","","salute","india","amazing","","humanity","","","","","","",""
"sweden","suspends","moderna","shot","","vaxxed","patients","develop","crippling","heart","condition","","","","","",""
"swedish","health","officials","","second","thoughts","giving","problematic","jabs","citizens","","","","","","",""
"","news","media","report","moderna","","","","","","","","","","","",""
"wanna","trade","virus","","survival","rate","lifelong","crippling","heart","condition","sweden","suspends","","","","",""
"wealthy","countries","start","seriously","contribute","covaxin","","","","","","","","","","",""
"","","","","","","","","","","","peru","latin","america","just","received","another"
"","","","doses","chinese","sinopharm","vaccines","part","","","","","","","","",""
"sweden","lord","","","work","","","never","admit","vaccines","cause","heart","problems","","","","care"
"moderna","","","","","","","","","","","","","","","",""
"","booster","today","reason","everyone","likes","stick","vaccines","right","","tattoo","moderna","","","","",""
"wonder","company","never","product","like","","received","","","","","","","","","",""
"dhsgov","dhscgovuk","","swissmfa","","vaccinated","second","dose","","","","","","","","",""
"","thus","","thousands","gone","","members","like","previous","johnson","","john","","","","",""
"","thanks","still","worthless","covaxin","gets","approval","still","considered","","","","","","","",""
"singapore","","","national","vaccination","program","adds","sinovac","","vaccine","","","","","","",""
"taking","indian","made","vaccine","","","confidence","booster","hope","covaxin","soon","gets","","subseq","","",""
"","","","","","","","","","","","","","","","",""
"","","","booster","wednesday","publix","pharmacy","","nurse","friend","suggests","loading","","","","",""
"","asked","","getting","direction","booster","","clear","","","","","","","","",""
"","","urban","bengaluru","","","","","","","free","slots","","paid","slots","covishield",""
"dose","","","","","","","","","","","","","","","",""
"ocugen","guess","week","","news","hopefully","covaxin","approval","","shirts","","","","","","",""
"","moderna","","yesterday","armpit","node","swollen","size","breast","hurts","","","","","","",""
"prep","","established","cicp","","program","individuals","seriously","injured","killed","direct","result","","","","",""
"nytimes","wonder","","pharma","going","prevent","covaxin","getting","approval","","","","","","","",""
"","","","super","healthy","","","rider","suffers","myocarditis","","","","","","",""
"grateful","information","scientists","continually","tweeted","afaiac","proper","","twit","","","","","","","",""
"vaccine","vision","","vishwas","brains","behind","india","","","covaxin","frankly","speaking","navika","kumar","bharat","biotech",""
"","","","","","","","","","","","","","","","",""
"","booster","shot","moderna","today","damn","happy","tears","jandjer","","","want","send","","","",""
"","","","","","","","","","","","","","","","",""
"ntrylovich","rwmalonemd","perfect","description","happening","vaccine","need","inactivated","form","like","india","","","","","",""
"just","like","moderna","dose","","side","effects","fading","approach","","hour","mark","","booster","","",""
"umholmcgec","","","","","","","","","","","","","","","",""
"boosted","","","moderna","","","","","","","","","","","","",""
"","","concern","people","","negative","","positive","people","","tech","sputnikv","","","second","",""
"","","lncphjbmtf","","","","","","","","","","","","","",""
"moderna","","moderna","buddies","anyone","","moderna","booster","want","know","side","effects","though","know","everyo","",""
"","","","","","","","","","","","","","","","",""
"","dolly","boostier","moderna","booster","today","received","","","","","dose","back","march","moderna","",""
"","","","","","","","","","","","","","","","",""
"shoutout","kizzyphd","","moderna","booster","shot","","","","","","","","","","",""
"hubby","","boosters","today","originally","","johnson","","johnson","shot","","moderna","booster","","","",""
"","","","mixvaccines","","moderna","still","","full","approvals","whats","","","","","",""
"support","data","pfizer","partner","biontech","authorizes","vaccine","kids","","","","","","","","",""
"check","infographic","","united","states","population","covid","","qualify","receive","dosage","","","","","",""
"waiting","moderna","available","booster","turned","","young","","mind","days","","","","","","",""
"love","live","sweden","right","","moderna","","","","","","","","","","",""
"","make","astrazeneca","pfizer","moderna","","companies","financially","liable","","","","","","","",""
"find","funny","people","upset","profits","moderna","phizer","","","","","","","","","",""
"europe","facing","","","situation","still","approved","covaxin","world","need","vaccine","","","","","",""
"pfizer","power","silence","governments","maximize","profits","consumer","group","alleges","","news","","","","","",""
"","learn","","planned","snafu","","","seem","alarmed","","","","","","","",""
"glad","dollyparton","","","mrna","vaccine","coursing","thru","bloodstream","","","immune","system","","firs","",""
"","","","","","","","","","","","","","","","",""
"","moderna","booster","today","","","","initially","didn","","","hurt","side","effects","","update",""
"","","","","","","","","","","","","","","","",""
"woof","","moderna","booster","dose","joke","fast","food","","laying","heating","blanket","kind","","","",""
"","","","still","recommend","","","","","","","","","","","",""
"","just","","booster","","","","","","","moderna","","","","","",""
"sweden","pulls","plug","moderna","inoculation","people","","turns","just","dangerous","","","","","","",""
"","","","","post","self","","tweets","must","something","wrong","covaxin","","","","",""
"","","found","since","","lobbying","efforts","pfizer","moderna","seen","dramatic","increas","","","","",""
"vaccine","vision","","vishwas","brains","behind","india","","","covaxin","frankly","speaking","navika","kumar","bharat","biotech",""
"","","","","","","","","","","","","","","","",""
"boom","booster","shot","done","","","","","","","","moderna","vaxxed","booster","cvshealth","",""
"","","","","","","","","","","","","","","","",""
"","yesterday's","cases","","outstanding","young","victorians","datagurus","covidbaseau","leading","example","","","","","",""
"moderna","vaccine","shots","arrive","","weeks","","","wtacwpzukf","covid","","moderna","vaccine","","","",""
"negativity","beginning","","","converted","opportunity","founder","bharat","biotech","","","","","","","",""
"","moderna","","","","","","","","","","","","","","",""
"","","","travelled","abroad","covaxin","gave","fighting","approval","","","","","","","",""
"suzannephan","moderna","knew","heart","dangers","push","","seattle","dangerous","","","","","","","",""
"ocgn","covaxin","","webull","","nurses","kabc","","losangeles","","","","","","","",""
"","third","shot","","even","notice","difference","little","less","anxious","moderna","booster","","","","",""
"spouse","","","moderna","booster","today","makes","three","shots","","change","silverware","doesn","","","",""
"","","","","","","","","","","","","","","","",""
"today","cdcgov","idsainfo","clinician","call","","","vaccine","","","","antibody","counts","","","",""
"","know","whst","screw","dems","","supported","","true","vaccine","covaxin","","","","","",""
"","","","","janssen","moderna","chaser","","","","","","","","","",""
"suzannephan","forgot","liability","pfizer","moderna","human","rats","","","","","povymunbyb","","","","",""
"","namibia","southafrica","namibia","","south","africa","suspend","rollout","","","","","","","",""
"","","","","march","just","","home","moderna","booster","","covid","","moderna","","",""
"mailonline","people","want","sputnikv","want","serious","side","effects","","pharma","vaccines","failing","","","","",""
"sweden","suspends","moderna","vaccine","shot","","vaxxed","patients","develop","crippling","heart","condition","","","","",""
"sweden","suspends","moderna","vaccine","shot","","vaxxed","patients","develop","crippling","heart","condition","","","","",""
"mrsgandhi","","cost","covaxin","less","price","mineral","water","bottle","","","","","","","",""
"","","","","","bharat","biotech","","","","","","","","","",""
"moderna","booster","baby","dollydose","moderna","","","","","","","","","","","",""
"mrsgandhi","","covaxin","","recognised","vaccine","quarantine","","","","","","","","","",""
"feels","","","","","","moderna","booster","","","","","","","","",""
"","endorses","booster","doses","moderna","johnson","","johnson","vaccines","says","","match","fine","","","",""
"","","","","","","","","","","","","","","","",""
"timesnow","congrats","","","","","","","","","","","best","vaccine","americans","whole","world"
"","","","","","","","","","","","","","","","",""
"chloems","joebiden","wonderful","post","just","","posting","thing","months","later","","","","","","",""
"update","","","scheduled","moderna","booster","shot","tuesday","evening","","woohoo","","","","","",""
"timesnow","","really","case","still","lobbying","approval","vaccine","covaxin","","","","","","","",""
"funder","","","","checking","refills","","","","","moderna","boosters","","avail","completed","",""
"","fxmootxtff","","","","","","","","","","","","","","",""
"ocgn","covaxin","","webull","","nurses","kabc","","losangeles","","","","","nyvvaiboiu","","",""
"need","booster","shot","educator","seeing","students","","sick","quickly","spreads","need","extr","","","","",""
"just","boosted","","","","moderna","antibodies","activate","boosted","","","","","","","",""
"","moderna","booster","morning","feeling","great","little","tired","feeling","good","time","","gotta","make","dinner","",""
"","","happy","","","went","","","booster","","","","moderna","vaccine","","covid",""
"","","","","","","","","","","","","","","","",""
"","moderna","booster","shot","today","","feel","unstoppable","","","","","","","","",""
"vaccine","vision","","vishwas","brains","behind","india","","","covaxin","frankly","speaking","navika","kumar","bharat","biotech",""
"","","","","","","","","","","","","","","","",""
"vaccine","vision","","vishwas","brains","behind","india","","","covaxin","frankly","speaking","navika","kumar","bharat","biotech",""
"","","","","","","","","","","","","","","","",""
"role","approval","agencies","like","just","look","data","","","simple","process","requires","following","","guid","",""
"","","","","","","","","","","","","","","","",""
"","","suspend","vaccine","donation","poor","countries","suffer","donate","millions","covaxin","doses","","","","",""
"","","","","problems","covaxin","easy","store","long","shelf","life","","","","","xagzmzxemr",""
"boosted","thankyounhs","","","grateful","","","","","","","","","","","",""
"ajaybis","hci_ottawa","getting","great","covaxin","canada","","waiting","covaxin","jabs","","","","","","",""
"","booster","side","effects","kicked","","","moderna","","","","","","","","",""
"","","approved","british","pharma","","","malaria","vaccine","mosquirix","targets","strain","malaria","","","",""
"peterhotez","least","half","would've","survived","given","option","taking","traditional","vaccines","like","covaxin","","","","",""
"much","time","guys","need","check","relevant","data","","","shared","data","already","still","","","",""
"","","","","","","","","","","","","","","","",""
"","moderna","booster","yesterday","","shots","pfizer","feel","fine","maybe","","sluggish","","drinking","","",""
"","","","","","","","","","","","","","","","",""
"","power","booster","moderna","","","","","","","","","","","","",""
"","","rural","bengaluru","","","","","","","free","slots","covishield","","","",""
"","","","","","","","","","","","","","","","",""
"happening","","cdcgov","idsainfo","clinician","call","","","vaccine","","","chatterjee","vrbpac","","","",""
"","constitutes","covishield","covaxin","","","","","","","","","","","","",""
"vaccine","approval","process","spotlight","","","india","mosquirix","approved","requires","","doses","","years","","",""
"","","","","","","","","","","","","","","","",""
"republic","","given","","","","approved","covaxin","kids","","","","","","","",""
"","sweden","suspends","moderna","shot","","vaxxed","patients","develop","crippling","heart","condi","","","","",""
"","booster","shot","","moderna","","","","","","","","","","","",""
"centers","disease","control","prevention","authorized","extra","doses","moderna","johnson","","johnson","","","vaccines","","",""
"","","","","","","","","","","","","","","","",""
"","booster","yesterday","moderna","","","","","","","","","","","","",""
"converting","negativity","opportunity","","billion","indians","vaccinated","india's","process","rapid","vaccination","","","","","",""
"republic","dat's","","given","","","","approved","covaxin","kids","","","","","","",""
"waking","","october","hear","another","dumb","reason","delayed","covaxin","approval","another","","weeks","","","",""
"","","","","","","","","","","","","","","","",""
"today","","","booster","shot","johnson","","johnson","","done","today","","moderna","booster","","",""
"","","","","","","","","","","","","","","","",""
"ocgn","covaxin","","webull","","nurses","kabc","","losangeles","","","","","","","",""
"","","receiving","moderna","booster","sore","","little","sleepy","adverse","side","effects","","","","",""
"official","","","","approval","moderna","","covid","booster","shot","","","thank","much","mritty","",""
"","","","","","","","","","","","","","","","",""
"russia","facing","record","covid","","deaths","flirting","lockdown","","apparently","sputnik","","inoculation","","","",""
"covaxin","","make","","mistake","taking","covaxin","vaccine","failed","","","","","","","",""
"","sputnikv","vaxx","waiting","","demanded","marched","sahapra","unwilling","","","","","","","",""
"drshamamohd","think","children","sinopharm","best","approved","","","","","","","","","","",""
"","","approved","","","","approved","covaxin","kids","","","","","","","",""
"","","approved","","","","approved","covaxin","kids","","","","","","","",""
"","moderna","booster","feeling","protected","","","","","","","","","","","",""
"","today","","","booster","shot","johnson","","johnson","","done","today","","moderna","booster","moderna","booster"
"","bbmp","bengaluru","","","","","","","free","slots","","paid","slots","covishield","",""
"","","","","","","","","","","","","","","","",""
"namibia","suspend","rollout","russia's","sputnikv","covid","","vaccine","health","ministry","said","saturday","","","","",""
"govt","officials","health","officials","giving","moderna","canadians","","poses","risks","moderna","","","","","",""
"just","took","moderna","booster","","detroit","back","","half","goblue","","","","","","",""
"","","reuter","center","brands","covid","vaccines","giving","boosters","full","vaccines","easy","great","","","",""
"limeylizzie","geeze","reaction","moderna","shot","","","sore","","","","","","","","",""
"","wait","sputnikv","russia","","","","","","","","","","","","",""
"three","","","costco","","moderna","","","","","","","","","","",""
"","","moderna","booster","just","little","","","","","","totally","vaccinated","house","","",""
"adriennelaf","","","","keep","riding","moderna","train","","","available","","","","","",""
"funder","","","moderna","","","","","","","","","","","","",""
"question","people","promoting","others","","","told","someone","","died","","","","","","",""
"sweden","suspends","moderna","shot","","vaxxed","patients","develop","crippling","heart","condition","","","","","pwskhrzckz",""
"anti","moderna","trolls","bots","full","force","today","antivaxxers","getting","","","","","","","",""
"going","stick","moderna","","","","beginning","rethink","plan","","","","","","","",""
"moderna","used","sweden","","","","moderna","added","","forbes","","","good","","","",""
"","","","","","","","","","","","","","","","",""
"struggling","gain","footing","today","thanks","moderna","booster","","antibody","","","","","","","",""
"","","clear","moderna","sweden","","","","","","","","","","","",""
"seeing","moderna","trending","panicking","shot","","twitter","really","","today","","","","","","",""
"doses","sputnikv","arrived","serbia","","","","","country","","","vaccination","program","","","",""
"","","","","","","","","","","","","","","","",""
"","jakecordell","world","renowned","peer","reviewed","british","journal","medicine","","efficacy","sputnikv","","","","",""
"","chosen","covaxin","","","","","","","","","","","","","",""
"first","attempt","vlog","experience","vaccination","","mumbai","","","","covaxin","","","","","",""
"year","","","alpha","centauri","variant","mandatory","","booster","shot","","plandemic","","","","",""
"","pfizer","moderna","develop","medication","wearing","masks","outside","disease","seams","spreading","","","","","",""
"","baby","booster","band","","glad","extra","protection","","initial","","","","","","",""
"india","continues","steadily","ramp","covishield","","covaxin","production","past","","achieve","","","","","",""
"","modi","determined","make","says","","krishnaella","","watch","video","","","","","","",""
"officially","boostered","whoop","whoop","","educator","","boostershot","moderna","","","","","","","",""
"choice","","vaccinated","moderna","covid","existed","","killed","millions","decades","","","","","","",""
"highlight","promote","company's","news","awards","","press","releases","submit","press","release","","","","","",""
"amid","concerns","sputnikv","vaccine","causing","","","namibia","decided","suspend","","russian","vacci","","","",""
"nytimes","india","thrilled","covaxin","","","","","","","","","","","","",""
"india's","schedule","","","bangladesh","india","coronavirus","","","","","","","","","",""
"","moderna","janssen","johnson","johnson","","","miracles","glad","","mine","","","","","",""
"still","remains","million","dollar","question","mangoman","manage","visit","","taking","covaxin","","","","","",""
"just","","moderna","booster","happy","thanks","","","","","target","","making","easy","","",""
"","","","","","","","","","","","","","","","",""
"pfizer","","moderna","","","","much","higher","taxes","","bill","dese","","","","",""
"vaccine","vision","","vishwas","brains","behind","india","","","covaxin","frankly","speaking","navika","kumar","bharat","biotech",""
"","","","","","","","","","","","","","","","",""
"small","town","life","advantages","just","walked","local","pharmacy","","meds","left","moderna","","","","",""
"","respected","","please","updated","covaxin","approval","","","","","","","","","",""
"vlog","vaccine","","covid","moderna","basically","","","","","feel","since","","shot","","",""
"","","","","","","","","","","","","","","","",""
"funder","soon","","","","","","roll","sleeve","head","","","moderna","","","",""
"","true","","approve","covaxin","even","astrazeneca","granted","america","","","","","","","",""
"vaccine","vision","","vishwas","brains","behind","india","","","covaxin","frankly","speaking","navika","kumar","bharat","biotech",""
"","","","","","","","","","","","","","","","",""
"feel","today","friday","","","complete","","shots","moderna","cocktail","","","","","","",""
"much","higher","antibody","response","following","moderna","versus","pfizer","vaccination","makes","wonder","wait","","","","",""
"vaccine","vision","","vishwas","brains","behind","india","","","covaxin","frankly","speaking","navika","kumar","bharat","biotech",""
"","","","","","","","","","","","","","","","",""
"","","","covaxin","dcgi","","","","","","","","","","","",""
"altmegh","","step","meeting","first","sage","group","","","","heard","thing","recommende","","","",""
"near","total","protection","need","dose","four","","","","","","","","","","",""
"","common","infectious","cause","birth","defects","united","states","","","women","aware","","","","",""
"vaccine","vision","","vishwas","brains","behind","india","","","covaxin","frankly","speaking","navika","kumar","bharat","biotech",""
"","","","","","","","","","","","","","","","",""
"pfizer","vaccine","effective","young","kids","","covid","","coronavirus","","","","","","","",""
"","people","reporting","","study","involving","","","veterans","found","","","","","","",""
"","","","","","","","","","","","","","","","",""
"finally","completed","vaccine","","","","others","western","country","still","allowing","china's","vaccine","","","",""
"vaccine","vision","","vishwas","brains","behind","india","","","covaxin","frankly","speaking","navika","kumar","bharat","biotech",""
"","","","","","","","","","","","","","","","",""
"moderna","","","","","post","vaccination","","","normal","conditions","","tired","","","",""
"","","","","","","","","","","","","","","","",""
"approve","covaxin","accept","fact","india","leading","","","","","","","","","","",""
"mohfw_india","pmoindia","","","","pib_india","mygovindia","","","","","","","","","",""
"just","scheduled","covid","","vaccine","booster","shot","","moderna","vaccine","","","booster","boostershot","","",""
"","drreddys","pmoindia","almost","","days","since","last","local","produced","sputnikv","local","","","","",""
"","","","","","","","","","","","","","","","",""
"","booster","first","shot","","","moderna","booster","","","","","","","","",""
"","already","canada","","","months","pfizer","moderna","city","","vaccinated","","","","","",""
"","","","","","covaxin","","share","total","doses","","india","develope","","","",""
"time","schedule","","shot","moderna","booster","","beat","covid","together","ready","pandemic","beco","","","",""
"china's","sinovac","covid","","vaccine","included","singapore's","national","vaccination","program","ministry","","","","","",""
"lesson","","handling","","pandemic","teach","","","seem","alarmed","death","coun","","","","",""
"mohfw_india","better","booster","dose","start","bcoz","travel","abroad","covaxin","approvel","","","","","","",""
"vaccine","vision","","vishwas","brains","behind","india","","","covaxin","frankly","speaking","navika","kumar","bharat","biotech",""
"","","","","","","","","","","","","","","","",""
"","although","hearing","real","impact","","credibility","people","need","","","","","","","",""
"something","radar","","","","","studies","bear","results","","covid","","","","","",""
"alec","baldwin","vaccines","common","percentage","shots","kill","moderna","","","","","","","","",""
"just","","","shot","moderna","","","","","","","","","moderna","","",""
"","reuters","namibia","suspends","","russian","covid","vaccine","","","","flags","","concerns","","",""
"","","","","","","","","","","","","","","","",""
"already","received","","","pfizer","moderna","jandj","","","easy","","","","","","",""
"waiting","","october","made","india","vaccine","","approval","","politics","covaxin","","","","","",""
"","covaxin","please","needed","","","","","","","","","","","","",""
"","covaxin","please","arent","scared","lawsuits","","","","","","","","","","",""
"drericding","","covaxin","please","","","","","","","","","","","","",""
"","says","benefits","outweigh","risks","","","children","","us_fda","finds","","","","","",""
"vaccine","vision","","vishwas","brains","behind","india","","","covaxin","frankly","speaking","navika","kumar","bharat","biotech",""
"","","","","","","","","","","","","","","","",""
"nhsdigital","","","","nhsx","","","please","watch","share","","","","fsaoxpfgho","","",""
"","","first","astra","","moderna","","","","","","","","","official","government","poisoned"
"","","","","","","","","","","","","","","","",""
"","county","","inoculate","millions","","approves","moderna","johnson","johnson","booster","shots","covid","","","",""
"","","","","masks","social","distancing","","covaxin","","","","","","","",""
"sweden","suspends","moderna","shot","","vaxxed","patients","develop","crippling","heart","condition","","","","","",""
"","","","","","","","","","","","","","","","",""
"italy","people","banned","going","work","without","covid","passport","norway","companies","even","allowed","","","","",""
"week","","","getting","covid","booster","shot","pharmacy","week","","","","","","please","consider","getti"
"","","","","","","","","","","","","","","","",""
"blame","china","covid","praise","vaccination","","data","provided","know","","","","","","","",""
"vaccine","","","","pfizer","moderna","astrazeneca","janssen","fauci","","","","","","","",""
"rcsnews","support","message","encouraging","","vaccinated","","vaccines","pfizer","","","","","","","",""
"","covid","","vaccines","stirring","","sounds","like","witches","brew","concoction","poison","","","","",""
"nothing","","","","","gtbratvjor","","","","","","","","","","",""
"","booster","stick","moderna","","","","","","","","","","","","",""
"ocgn","","ramping","","","covaxin","production","","site","","","help","","","","",""
"vaccinate","population","","","","","","","","","","","","","","",""
"done","first","dose","","","","","resbakuna","vaccine","moderna","firstdose","","","","","",""
"post","","india","sone","","suhaga","","gets","global","approva","","","","","","",""
"","moderna","booster","moderna","","","","","","","","","","","","",""
"bmj_latest","","watch","share","message","endorsing","","vaccine","","","","","","","","",""
"","another","","country","suspending","moderna","vaccine","hugodejonge","","","ealth","","minister","","","",""
"president","bolivia","luis","alberto","arce","catacora","","second","dose","sputnikv","vaccine","","","","","",""
"update","","hurts","next","","issue","moderna","","","","","","","","","",""
"","sinopharm","given","","within","span","","days","submission","data","decision","","","","","",""
"just","","moderna","boosterdose","flushot","gonna","grab","allll","snacks","prepare","","","weekend","","","",""
"","tweeting","cant","take","emergency","meeting","","covaxin","pfizer","","moderna","cost","","","","",""
"","","meant","many","","","","already","vaccinated","covaxin","","many","","line","","","still"
"","","","","","","","","","","","","","","","",""
"bbcsounds","","part","pfizer","moderna","lobby","gain","delay","granting","approval","","","","","","",""
"ukhsa","watch","video","supporting","","encouraging","","vaccinated","together","","","","","","","",""
"united","states","approved","","moderna","","vaccines","booster","jabs","","","","","","","",""
"sweden","extends","pause","moderna","vaccine","younger","","group","","","tpkkxhbjbr","","moderna","","","",""
"booster","activated","","","next","","hours","bring","moderna","","","","","","","",""
"","passed","since","","","","tweet","still","review","","","wrong","","","","",""
"","pmoindia","officeof_mm","mohfw_india","nitiayog","awaiting","overdue","covaxin","approval","shame","","","","","","",""
"singapore's","drug","regulators","granted","interim","approval","china's","sinovac","vaccine","","relatively","","","","","",""
"sweden","suspends","moderna","shot","","vaxxed","patients","develop","crippling","heart","condition","","","vsekujczll","","",""
"","","booster","shot","","","","","","moderna","please","","shot","protect","others","",""
"","","","","","","","","","","","","","","","",""
"","","urban","bengaluru","","","","","","","free","slots","","paid","slots","covishield",""
"dose","","","","","","","","","","","","","","","",""
"vaccine","vision","","vishwas","brains","behind","india","","","covaxin","frankly","speaking","navika","kumar","bharat","biotech",""
"","","","","","","","","","","","","","","","",""
"drtedros","covaxin","approve","want","covaxin","","","","","","","","","","","",""
"","","","","","","","","","","","","","","","",""
"","","","","","","","","","","","","","","","",""
"","pmoindia","officeof_mm","mohfw_india","nitiayog","meaningful","covaxin","accepte","","","","","","","","",""
"","","pmoindia","country","keep","suspending","moderna","vaccine","","covaxin","","","","","","",""
"china","provides","vaccine","myanmar","","","npmqrhgiwj","","","china","myanmar","vaccines","sinopharm","","","",""
"sinovac","","vaccine","included","singapore's","national","vaccination","programme","however","","","","","","","",""
"","moderna","booster","yesterday","side","effects","moderna","boosterjab","","","","","","","","",""
"love","know","adverse","effects","reported","know","just","sampling","scary","","","","","","","",""
"reuters","sputnikv","","","","","","","","","","","","","","",""
"","urban","bengaluru","","","","","","","free","slots","","paid","slots","covishield","",""
"","","","","","","","","","","","","","","","",""
"moderna","covid","","vaccine","approved","mhra","","","year","olds","","august","","moderna","","",""
"mrna","enters","uptrend","momentum","indicator","exceeded","","level","october","","","view","odds","othe","","",""
"","","","","","","","","","","","","","","","",""
"covaxin","given","","","hope","best","","","","","","","","","","",""
"reading","worth","noting","moderna","still","approved","","","year","olds","","","","","","",""
"","covaxin","","approved","","drmikeryan","millions","affected","","","","","","","","",""
"number","covid","","cases","today","","october","","remember","observe","safety","protective","measures","","","",""
"","","","","","","","","","","","","","","","",""
"","boosters","eligible","people","received","pfizer","moderna","","vacci","","","","","","","",""
"sruhle","maybe","hatred","shown","stephanie","stems","fear","fear","vaccine","going","protect","mayb","","","","",""
"","bbmp","bengaluru","","","","","","","free","slots","","paid","slots","covishield","",""
"","","","","","","","","","","","","","","","",""
"","urban","bengaluru","","","","","","","free","slots","","paid","slots","covishield","",""
"","","","","","","","","","","","","","","","",""
"confused","sputnikv","","","","join","","","","quick","explainer","","","","","",""
"","","sinovac","fair","solution","","","","","wuhan","virus","","","chsbglbscc","","",""
"zerocovid","","","","impfzwang","","","peertube","astrazenaca","sputnikv","","","","","","",""
"","covaxin","","","","","","","","","","","","","","",""
"believe","cutie","supremacy","answered","prayers","finally","firstdose","","pfizercutie","","","","","","","",""
"","","bbmp","bengaluru","","","","","","","free","slots","covishield","","","",""
"","","","","","","","","","","","","","","","",""
"","","urban","bengaluru","","","","","","","free","slots","","paid","slots","covishield","dose"
"","","","fvxzswvnlb","","","","","","","","","","","","",""
"","","rural","bengaluru","","","","","","","free","slots","covishield","","","",""
"","","","","","","","","","","","","","","","",""
"mohfw_india","pmoindia","","","","provide","approval","covaxin","much","delay","","","","","","",""
"huge","covaxin","ocugen","ocgn","ocgn","","","","","","","","","","","",""
"drtedros","interesting","global","","covid","","approve","","","","","","","","","",""
"","thewire_in","","haven","","","heard","covaxin","","genius","","","","","","",""
"","nasal","vaccine","showing","good","results","phase","","trial","chairman","covaxin","vaccigen","","","","",""
"first","astrazeneca","","moderna","guess","","nothing","terrible","prime","minister","terr","","","","","",""
"","","feeling","","nauseous","morning","pfizer","booster","shot","","","happening","","sooner","longer","",""
"","","","","","","","","","","","","","","","",""
"moderna","","","issues","booster","sore","","easy","peasy","moderna","","","","","","",""
"","bbmp","bengaluru","","","","","","","free","slots","","paid","slots","covishield","",""
"","","","","","","","","","","","","","","","",""
"","urban","bengaluru","","","","","","","free","slots","","paid","slots","covishield","",""
"","","","","","","","","","","","","","","","",""
"news","","covishield","ramp","production","","","month","covaxin","","","month","","vaxes","","",""
"","","","","","","","","","","","","","","","",""
"","week","left","moderna","booster","fully","kicks","sooner","","vaxxed","better","","","vaccine","","",""
"","","moderna","","","","boosters","","available","","vaccines","kids","coming","week","ahead","",""
"supplychain","mess","akin","tossi","","","","mbccnkthrk","","","","","","","","",""
"vaccine","vision","","vishwas","brains","behind","india","","","covaxin","frankly","speaking","navika","kumar","bharat","biotech",""
"","","","","","","","","","","","","","","","",""
"","","","","snake","","pimp","swindlers","charlatan","conartist","crook","deceiver","pfizer","moderna","astrazenica","",""
"","xslduadxuq","","","","","","","","","","","","","","",""
"checked","latest","yellow","reporting","statistics","last","night","scrapped","","astrazeneca","deaths","","moderna","","","",""
"","","","","","","","","","","","","","","","",""
"taraskuzio","levhavryliv","sputnikv","made","russia","recipe","stolen","russia","","","","","","","","",""
"covaxin","decision","awaited","says","","","process","sometimes","takes","longer","","covaxin","","","","",""
"","","bbmp","bengaluru","","","","","","","free","slots","covishield","","","",""
"","","","","","","","","","","","","","","","",""
"","","urban","bengaluru","","","","","","","free","slots","","paid","slots","covishield","dose"
"","","","","","","","","","","","","","","","",""
"","","rural","bengaluru","","","","","","","free","slots","covishield","","","",""
"","","","","","","","","","","","","","","","",""
"","","give","exclusive","information","","stepup","supplies","covaxin","","","","etnfnxzdqv","","","",""
"bhaand","","distrusted","covaxin","","covishield","just","like","distrusted","indianarmy","","","","","","",""
"sidhant","vaccine","accept","covaxin","","","","","","","","","","","","",""
"gonna","","booster","","","first","time","","","moderna","","","","atutcobsmd","","",""
"touch","reality","","reality","confusion","putin","tries","convince","","audience","","","","","","",""
"chinese","sinovac","","vaccine","included","singapore's","national","vaccination","program","ministry","","","","","","",""
"","drtedros","state_io","","drtedros","long","burden","poor","countries","","","","","qwamocrtoj","","",""
"delay","approve","covaxin","noteworthy","distributed","millions","people","india","","","","","","","","",""
"drtedros","state_io","long","burden","poor","countries","","needing","double","","","","","","","",""
"","india","ready","share","stop","dragging","","feet","late","emergency","approval","arnd","","","","",""
"","bbmp","bengaluru","","","","","","","free","slots","","paid","slots","covishield","",""
"","","","","","","","","","","","","","","","",""
"","urban","bengaluru","","","","","","","free","slots","","paid","slots","covishield","",""
"","","","","","","","","","","","","","","","",""
"biggest","human","trial","covaxin","","","","results","","","","","","","","",""
"momentous","occasion","proud","moment","nation","work","together","turn","nation","","","","","","","",""
"","","chairman","","saved","many","lives","giving","indigenous","","covaxin","","","","","",""
"feel","poor","countries","","vaccines","greed","know","supply","afric","","","","sfeemyjlrw","","","",""
"drtedros","state_io","","covaxin","another","solution","want","save","lives","right","","","","","","",""
"vaccine","vision","","vishwas","brains","behind","india","","","covaxin","frankly","speaking","navika","kumar","bharat","biotech",""
"","","","","","","","","","","","","","","","",""
"drtedros","covaxin","","approved","","drmikeryan","","","suffer","chinese","vaccine","pharma","","","","",""
"know","better","anyone","covaxin","safe","vaccine","save","many","lives","","","","","","","",""
"instead","wasting","time","","taking","time","harm","","companies","","","","","","","",""
"covaxin","still","approved","justsaying","","","","","","","","","","","","",""
"","rumor","salesman","sinovac","","","","","","","","","","","","",""
"","people","","vaccinated","sputnikv","must","confused","knowing","whether","","","","","","","",""
"increased","risk","heart","","moderna","covid","","young","","","regulator","says","suspensions","","","",""
"eojinindia","","","","japanese","ambassador","","mean","nothing","refuse","","","","","","",""
"","","bbmp","bengaluru","","","","","","","free","slots","covishield","","","",""
"","","","","","","","","","","","","","","","",""
"","","urban","bengaluru","","","","","","","free","slots","","paid","slots","covishield","dose"
"","","","","","","","","","","","","","","","",""
"","","rural","bengaluru","","","","","","","free","slots","covishield","","","",""
"","","zvpympltzr","","","","","","","","","","","","","",""
"","moderna","booster","shot","yesterday","feel","like","absolute","poop","fully","vaccinated","safer","alive","fabulous","poop","",""
"additional","","million","doses","china's","sinopharm","vaccines","arrive","myanmar","","","","","","","",""
"india's","","crore","covid","vaccine","dose","celebrating","really","","covishield","covaxin","","","","","",""
"covid","","vaccination","update","available","vaccines","","moderna","vaccine","","pfizer","vaccine","","astrazeneca","vaccine","",""
"","","uoxvbktzoa","","","","","","","","","","","","","",""
"","","","","","","chinese","sinovac","covid","","vaccine","included","singapore's","national","vaccination","programme","ministry"
"","","","","","","","","","","","","","","","",""
"covid","","vaccination","update","look","available","vaccines","","moderna","vaccine","","pfizer","vacc","","","",""
"tested","positive","covid","yesterday","waiting","call","","monoclonal","antibodies","infusion.i","","","","","","",""
"aware","covid","","vaccination","update","available","vaccines","","moderna","vaccine","","pfizer","vaccine","","","",""
"","","","","","","","","","","","","","","","",""
"fire","social","media","staff","freaking","lagging","accepting","covaxin","first","","","","","","","",""
"american","","","","","pilot","","","","","dies","flight","covid","vaxination","thrombosis","heartattack","airlines"
"retu","","","","","","","","","","","","","","","",""
"book","vaccine","today","nearest","health","care","available","vaccines","","moderna","vaccine","","pfizer","vaccine","","",""
"","","","","","","","","","","","","","","","",""
"approve","covaxin","problem","solved","","","","","","","","","","","","",""
"covid","","vaccination","update","available","vaccines","","moderna","vaccine","","pfizer","vaccine","","astrazeneca","vaccine","",""
"","","","","","","","","","","","","","","","",""
"","dose","done","vaccinated","sinopharm","srilanka","beast","master","","actorvijay","","","","","","",""
"","bbmp","bengaluru","","","","","","","free","slots","","paid","slots","covishield","",""
"","","","","","","","","","","","","","","","",""
"","urban","bengaluru","","","","","","","free","slots","","paid","slots","covishield","",""
"","","","","","","","","","","","","","","","",""
"wait","namibian","scientists","come","tell","","wich","science","scientific","methods","","","","","","",""
"vaccine","vision","","vishwas","brains","behind","india","","","covaxin","frankly","speaking","navika","kumar","bharat","biotech",""
"","","","","","","","","","","","","","","","",""
"","timesnow","","paid","tweet","earned","","","","forgot","","","","","","",""
"","timesnow","jhasanjay","incindia","obvious","paid","","","lick","masters","shit","","","","","",""
"","timesnow","jhasanjay","","forgot","covaxin","taken","seriously","anywhere","","","","","","","",""
"cancer","patients","","","moderna","vaccine","full","doze","","might","","shots","pakistan","","","",""
"","","bbmp","bengaluru","","","","","","","free","slots","covishield","","","",""
"","","","","","","","","","","","","","","","",""
"","","urban","bengaluru","","","","","","","free","slots","","paid","slots","covishield","dose"
"","","","","","","","","","","","","","","","",""
"","","rural","bengaluru","","","","","","","free","slots","covishield","","","",""
"","","zampckprdh","","","","","","","","","","","","","",""
"covid","","vaccination","update","available","vaccines","","moderna","vaccine","","astrazeneca","vaccine","book","appointment","","",""
"","","","","","","","","","","","","","","","",""
"thailand","people","need","","around","","","dose","moderna","vaccine","free","countries","","","","",""
"","","","","","","","","","","","","","","","",""
"","","","","","read","thread","marvel","","","","","","","","",""
"","","thinks","current","","","","","","","","","","","just","",""
"according","renowned","","","","","","","","","","","","singapore","sinovac","vaccines",""
"requires","","doses","considered","fully","vaccinated","","","","science","sinovac","","","","","",""
"","","","","chinese","sinovac","covid","","vaccine","included","singapore's","national","vaccination","program","","",""
"","","","","","","","","","","","","dose","moderna","","",""
"","","","","","","debt","rattle","october","","","assange","boosters","delta","fantasyland","laurilove","magnesium"
"moderna","nato","snowden","","","","","","","","","","","vaccine","","",""
"bharat","biotech","","","","","","","","","","","satishktm","delaying","covax","supplies","coerce"
"approve","covaxin","tantamount","blackmail","","","","","","","","first","dose","sinovac","","",""
"","","","singapore","approves","","sinovac","ahead","allowing","vaccinated","employees","return","workplace","","","",""
"pfizer","","","","","","","","","","","","","","","",""
"","","","","","","","","","","","","","urban","bengaluru","",""
"","","","","","","","","","","","","","","","",""
"","","","","","","","","","","","scientists","","","said","friday","likely"
"benefits","giving","pfizer","biontech","covid","","vaccine","","","","znyqyygyow","","","","","",""
"another","proof","sinopharm","","sinovac","failure","","","","","","","","","","",""
"courtesy","","","","","","","","","","","","omwati","neeh","sputnikv","","topifa"
"eecondoma","increases","chances","","infection","","ongeipi","","","","","","","","","",""
"passing","","","","","","","","","","","","","","","",""
"worldwide","normal","","","","","","","","","","","","drmikeryan","","irishman","another"
"chinese","sinopharm","vaccine","causing","many","","cases","covid","","","","","","","","",""
"ajitdatta","actually","","","","","","","","","","","","","","",""
"vision","","vishwas","brains","behind","india","","","covaxin","","","","","","","",""
"bharat","biotech","","","","","","","","","","","sinopharma","vaccine","china","virus","creator"
"approved","","days","maker","covaxin","getting","harassed","explains","","","","","","","selling","",""
"vaccines","sputnikv","","","","","","","","","","","","","","",""
"","","","","","","","","","","","","","urban","bengaluru","",""
"","","","","","","","","","","","","","","","",""
"","","","","","","","","","","","","dose","sinopharm","completed","",""
"launder","","","","","","","","","","","","","","","",""
"covaxin","fiasco","still","received","approval","","","","","","","","","","","",""
"thanks","doctors","modi","","achieve","","vaccination","india","","","","","","","","",""
"","","","","","puff","chest","pride","","approve","sputnikv","","","","","",""
"vaccine","","","","","","","","","","","","","","","",""
"bharat","biotech","","","","cdtavdbkuz","","","","","","","","","seems","wider","conspiracy"
"delaying","approval","covaxin","","","","","","","","","","","","","",""
"know","fight","","","youtube","took","","","","","","","","","","",""
"","bbmp","bengaluru","","","","","","","","","","","","","",""
"","","","","","","","","","","","","","urban","bengaluru","",""
"","","","","","","","","","","","","","","","",""
"","","","","","","","","","","","girlricho","","","","",""
"individual","tourists","fully","inoculated","vaccines","produced","pfizer","","","","","","","","","",""
"","","","","","","","","","","decision","awaited","emergency","","listing","covaxin",""
"india","","","","","","","","","","","","","","","",""
"vaccine","fact","sheets","updated","pfizer","moderna","","","","","","","","","","",""
"vaccine","vision","","vishwas","brains","behind","india","","","covaxin","frankly","speaking","navika","kumar","bharat","biotech",""
"","","","","","","","","","","","","","","","",""
"","bbmp","bengaluru","","","","","","","free","slots","","paid","slots","covishield","",""
"","","","","","","","","","","","","","","","",""
"","urban","bengaluru","","","","","","","free","slots","","paid","slots","covishield","",""
"","","","","","","","","","","","","","","","",""
"drtedros","","stop","playing","people","lives","approve","covaxin","india","","start","exporting","dollars","","","",""
"","","","","","","","","","","","","","","","",""
"","review","appears","pave","","pfizer","biontech","vaccine","children","","","","","","","",""
"","","","","","","","","","","","","","","","",""
"","","badwebsites","getting","","moderna","","","weeks","antivaxxers","covidiots","","","","","",""
"vaccine","vision","","vishwas","brains","behind","india","","","covaxin","frankly","speaking","navika","kumar","bharat","biotech",""
"","","","","","","","","","","","","","","","",""
"fully","vaccinated","sinovac","joanneautor","","","","","","","","","","","","",""
"","approve","covaxin","vaccine","tested","effective","delta","variant","","whole","world","","","","","",""
"center","disease","control","officially","recommended","moderna","johnson","","johnson","covid","","vaccine","booster","doses","","",""
"","","","","","","","","","","","","","","","",""
"moderna","thailand","","","","","","","","","","","","","","",""
"","","","","","","","","","","","","","","","",""
"countries","taken","pfizer","shots","able","control","covid","virus","spread","just","promoting","pfize","","","","",""
"","","bbmp","bengaluru","","","","","","","free","slots","covishield","","","",""
"","","","","","","","","","","","","","","","",""
"netflix","tainting","public","sentiment","ahead","assange","extradition","trial","caitoz","moderna","deep","financial","trouble","","","",""
"","","urban","bengaluru","","","","","","","free","slots","","paid","slots","covishield","dose"
"","","","","","","","","","","","","","","","",""
"","","rural","bengaluru","","","","","","","free","slots","covishield","","","",""
"","","","","","","","","","","","","","","","",""
"drtedros","","","approve","covaxin","","million","vaccines","","","directly","covax","program","","","",""
"drtedros","","ignorant","approve","covaxin","","","","","","","","","","","",""
"enraging","corrupt","nature","world","health","","refusal","open","doors","","","","","","","",""
"showed","","","","good","","read","","","","better","just","","","","bette",""
"","","","","","","","","","","","","","","","",""
"","booster","pfizer","moderna","","","getvaxxed","getboosted","wearamask","","","","","","","",""
"","moderna","booster","original","","","","around","","september","","","","","","",""
"friday","","","","","","mohfw_india","figures","","cases","","","vaccinated","","","",""
"dose","","","","","","","","","","","","","","","",""
"milestones","","cmysjagan","","covaxin","covishield","clap","","","","","","","","","",""
"","bbmp","bengaluru","","","","","","","free","slots","","paid","slots","covishield","",""
"","","","","","","","","","","","","","","","",""
"","urban","bengaluru","","","","","","","free","slots","","paid","slots","covishield","",""
"","","","","","","","","","","","","","","","",""
"pmoindia","","amitshah","","","","chinese","vaccine","approval","","days","","","","","",""
"","dose","done","","sinopharm","","","","","","","","","","","",""
"","drtedros","","covaxin","stop","sending","vaccine","covax","","","","","","","","",""
"moderna","vaccine","done","thank","gmanetwork","","","solaire","resort","","","","","","","",""
"first","batch","","","moderna","doses","arrive","thailand","later","november","","according","zuellig","","","",""
"","","","","","","","","","","","","","","","",""
"","","bbmp","bengaluru","","","","","","","free","slots","covishield","","","",""
"","","","","","","","","","","","","","","","",""
"","","urban","bengaluru","","","","","","","free","slots","","paid","slots","covishield","dose"
"","","","jqijfsrdgs","","","","","","","","","","","","",""
"","","rural","bengaluru","","","","","","","free","slots","covishield","","","",""
"","","","","","","","","","","","","","","","",""
"trust","","jansen","jandj","moderna","pfizer","","","","","","nkdebzeagy","","","","",""
"","","","moderna","","","","days","second","moderna","dose","felt","large","golf","","",""
"","sxrkfldfka","","","","","","","","","","","","","","",""
"","teddy","didn","","","","mouthpiece","approve","covaxin","guys","approved","almost","chindi","vaccin","","",""
"","","","","","","","","","","","","","","","",""
"business","","","ikely","","guess","","","sure","","covaxin","held","back","bigpharma","investigate","",""
"venues","required","","","","safeguard","children","","","health","vaccinating","","","","","",""
"profmakris","thelancet","moderna","much","less","used","shows","","spontaneous","abortions","","involving","death","mothe","","",""
"","","","","","","","","","","","","","","","",""
"","vaccine","doses","complex","country","like","society","geography","","nothing","miracle","kudo","","","","",""
"","bbmp","bengaluru","","","","","","","free","slots","","paid","slots","covishield","",""
"","","","","","","","","","","","","","","","",""
"","urban","bengaluru","","","","","","","free","slots","","paid","slots","covishield","",""
"","","","","","","","","","","","","","","","",""
"well","","suppose","","","moderna","booster","shot","whenever","","","","","","","",""
"","insane","","world","need","covaxin","period","best","vaccine","","mrna","clinically","tested","","","",""
"","","deaths","reported","vaccines","including","","","","","pfizer","moderna","vaers","","","",""
"just","","moderna","booster","board","morn","rcvd","janssen","march","pleased","cdcgov","approved","","","","",""
"fussy","","","anywhere","long","eligible","moderna","vaccine","booster","","","","","","","",""
"thai","people","urged","mrna","","paid","advanced","","months","without","government","subsidy","vaccines","","","",""
"vaccine","vision","","vishwas","brains","behind","india","","","covaxin","frankly","speaking","navika","kumar","bharat","biotech",""
"","","","","","","","","","","","","","","","",""
"moderna","vaccine","booster","scheduled","work","high","risk","","first","shot","","","","","","looking","forward"
"","","","","","","","","","","","","","","","",""
"","lobbying","done","pfizer","disregard","global","health","exposed","","","","","","","","",""
"putin","foreigners","vaccinated","russia","sputnikv","","certificate","pfizer","vaccinated","europe","","","","","","",""
"","","bbmp","bengaluru","","","","","","","free","slots","covishield","","","",""
"","","","","","","","","","","","","","","","",""
"","","urban","bengaluru","","","","","","","free","slots","","paid","slots","covishield","dose"
"","","","","","","","","","","","","","","","",""
"","","rural","bengaluru","","","","","","","free","slots","covishield","","","",""
"","","","","","","","","","","","","","","","",""
"people","getting","side","effects","moderna","booster","every","side","effect","second","shot","none","","","","",""
"","first","receive","sinopharm","vaccine","booster","shot","srilanka","","china","","","","","","",""
"number","covid","","cases","","october","","remember","observe","safety","protective","measures","","","","",""
"","","","","","","","","","","","","","","","",""
"wfkars","inspired","check","local","","","","","","","","appointment","tomorrow","afternoon","moderna","",""
"","delaying","covaxin","approval","afraid","poor","countries","come","indi","","","","upntvspfsj","","","",""
"","nayanikaaa","biorahul","bhak_sala","feel","exclusive","","covaxin","","","delay","sucks","","","","",""
"","bbmp","bengaluru","","","","","","","free","slots","","paid","slots","covishield","",""
"","","","","","","","","","","","","","","","",""
"","urban","bengaluru","","","","","","","free","slots","","paid","slots","covishield","",""
"","","","","","","","","","","","","","","","",""
"covaxin","efficacy","","mild","moderate","severe","","severe","covid","","","impacting","","","","",""
"","","kevin","want","","censorship","","search","latest","news","covaxin","twitt","","","","",""
"begun","","soon","fully","vaccinate","status","moderna","pfizer","","corrupt","fools","revoked","unless","","","",""
"","","","","","","","","","","","","","","","",""
"","","bbmp","bengaluru","","","","","","","free","slots","covishield","","","",""
"","","","","","","","","","","","","","","","",""
"","","urban","bengaluru","","","","","","","free","slots","","paid","slots","covishield","dose"
"","","","","","","","","","","","","","","","",""
